```sql
-- Clear existing data if necessary (for development/testing)
TRUNCATE TABLE task_tags CASCADE;
TRUNCATE TABLE tasks CASCADE;
TRUNCATE TABLE projects CASCADE;
TRUNCATE TABLE tags CASCADE;
TRUNCATE TABLE users CASCADE;

-- -----------------------------------------------------
-- Seed Users
-- Passwords are hashed using bcrypt for 'password123'
-- For a real application, these hashes should be dynamically generated.
-- The Drogon bcrypt utility will be used in the actual User Service.
-- Example BCrypt hash for 'password123': $2a$10$w09J3A8gGk.KjXw2f9Q4uO2.Q.q.q.q.q.q.q.q.q.q.q.q.q.
-- Note: Replace with actual hashes generated by your application's bcrypt.
-- For this seed, we'll use a placeholder.
-- $2a$10$tJ080t16f/9o/r7F2l447uLp4M0l.Vf.Gj2iZl5f5f5f5f5f5f5
-- The actual Drogon bcrypt hash for 'password123' is something like:
-- $2a$10$w09J3A8gGk.KjXw2f9Q4uO2.Q.q.q.q.q.q.q.q.q.q.q.q.q. (this is NOT a real hash, just example format)
-- I will use a generic placeholder, assume app verifies with 'password123'.
-- For production, these would be generated.

INSERT INTO users (id, username, email, password_hash, role) VALUES
(1, 'alice', 'alice@example.com', '$2a$10$j8dFfR7cWq8Xv.p2z0H/s.u.p.p.e.r.s.e.c.r.e.t.h.a.s.h.1', 'user'),
(2, 'bob', 'bob@example.com', '$2a$10$j8dFfR7cWq8Xv.p2z0H/s.u.p.p.e.r.s.e.c.r.e.t.h.a.s.h.2', 'user'),
(3, 'adminuser', 'admin@example.com', '$2a$10$j8dFfR7cWq8Xv.p2z0H/s.u.p.p.e.r.s.e.c.r.e.t.h.a.s.h.3', 'admin')
ON CONFLICT (id) DO UPDATE SET username = EXCLUDED.username;

SELECT setval('users_id_seq', (SELECT MAX(id) FROM users));

-- -----------------------------------------------------
-- Seed Projects
-- -----------------------------------------------------
INSERT INTO projects (id, owner_id, name, description) VALUES
(101, 1, 'Website Redesign', 'Complete overhaul of the company website layout and functionality.'),
(102, 1, 'Mobile App Development', 'Develop a new cross-platform mobile application.'),
(103, 2, 'Backend API Optimization', 'Improve performance and scalability of existing API endpoints.'),
(104, 3, 'Internal Tools Development', 'Build new tools for internal team management and reporting.')
ON CONFLICT (id) DO UPDATE SET name = EXCLUDED.name;

SELECT setval('projects_id_seq', (SELECT MAX(id) FROM projects));

-- -----------------------------------------------------
-- Seed Tasks
-- -----------------------------------------------------
INSERT INTO tasks (id, project_id, title, description, status, priority, due_date, assigned_to) VALUES
(1001, 101, 'Design UI Mockups', 'Create initial wireframes and high-fidelity mockups for new website.', 'InProgress', 'High', '2023-12-15 17:00:00', 1),
(1002, 101, 'Develop Homepage', 'Implement the new homepage design with responsive layout.', 'Open', 'High', '2023-12-31 17:00:00', 1),
(1003, 102, 'Setup Mobile Dev Environment', 'Configure React Native or Flutter environment for new app.', 'Done', 'Medium', '2023-11-20 17:00:00', 1),
(1004, 103, 'Optimize Database Queries', 'Identify and optimize slow queries in the backend.', 'InProgress', 'Urgent', '2023-12-20 17:00:00', 2),
(1005, 103, 'Implement Caching Layer', 'Integrate Redis for API response caching.', 'Open', 'High', '2024-01-10 17:00:00', 2),
(1006, 104, 'Build Reporting Module', 'Develop a module for generating weekly project reports.', 'Open', 'Medium', '2024-01-31 17:00:00', 3),
(1007, 101, 'Write API Documentation', 'Document all public API endpoints for the website.', 'Open', 'Low', '2024-01-15 17:00:00', 1)
ON CONFLICT (id) DO UPDATE SET title = EXCLUDED.title;

SELECT setval('tasks_id_seq', (SELECT MAX(id) FROM tasks));

-- -----------------------------------------------------
-- Seed Tags
-- -----------------------------------------------------
INSERT INTO tags (id, name) VALUES
(1, 'Frontend'),
(2, 'Backend'),
(3, 'Database'),
(4, 'Design'),
(5, 'Urgent'),
(6, 'Mobile')
ON CONFLICT (id) DO UPDATE SET name = EXCLUDED.name;

SELECT setval('tags_id_seq', (SELECT MAX(id) FROM tags));

-- -----------------------------------------------------
-- Seed Task Tags (Junction Table)
-- -----------------------------------------------------
INSERT INTO task_tags (task_id, tag_id) VALUES
(1001, 1), (1001, 4), -- Design UI Mockups: Frontend, Design
(1002, 1),            -- Develop Homepage: Frontend
(1003, 6),            -- Setup Mobile Dev Env: Mobile
(1004, 2), (1004, 3), (1004, 5), -- Optimize Database Queries: Backend, Database, Urgent
(1005, 2), (1005, 3), -- Implement Caching Layer: Backend, Database
(1006, 2),            -- Build Reporting Module: Backend
(1007, 2)             -- Write API Documentation: Backend
ON CONFLICT (task_id, tag_id) DO NOTHING;

-- Reset sequence for future inserts if IDs were manually set
-- This ensures auto-increment continues from MAX(id) + 1
SELECT setval('users_id_seq', GREATEST((SELECT MAX(id) FROM users), 0) + 1, false);
SELECT setval('projects_id_seq', GREATEST((SELECT MAX(id) FROM projects), 0) + 1, false);
SELECT setval('tasks_id_seq', GREATEST((SELECT MAX(id) FROM tasks), 0) + 1, false);
SELECT setval('tags_id_seq', GREATEST((SELECT MAX(id) FROM tags), 0) + 1, false);
```