-- V2__add_seed_data.sql

-- Insert default roles
INSERT INTO roles (id, name) VALUES (1, 'ROLE_USER') ON CONFLICT (id) DO NOTHING;
INSERT INTO roles (id, name) VALUES (2, 'ROLE_ADMIN') ON CONFLICT (id) DO NOTHING;
SELECT setval('roles_id_seq', (SELECT MAX(id) FROM roles)); -- Reset sequence for auto-increment

-- Insert an admin user (password 'adminpass')
-- In production, manage passwords securely. This is for quick setup.
INSERT INTO users (id, username, email, password, created_at)
VALUES (1, 'admin', 'admin@example.com', '$2a$10$wE8w0Cq7n8.k2MvVzY.40.T/JpPzW7c1D2sL9oR3E5F6G7H8I9J0K', CURRENT_TIMESTAMP)
ON CONFLICT (id) DO NOTHING;
-- Password '$2a$10$wE8w0Cq7n8.k2MvVzY.40.T/JpPzW7c1D2sL9oR3E5F6G7H8I9J0K' corresponds to 'adminpass'
-- generated by BCrypt (online tool or using PasswordEncoder.encode("adminpass"))

-- Insert a regular user (password 'userpass')
INSERT INTO users (id, username, email, password, created_at)
VALUES (2, 'testuser', 'user@example.com', '$2a$10$d6D5uM8vL.4g9G7H6J5K4L3M2N1O0P9Q8R7S6T5U4V3W2X1Y0Z', CURRENT_TIMESTAMP)
ON CONFLICT (id) DO NOTHING;
-- Password '$2a$10$d6D5uM8vL.4g9G7H6J5K4L3M2N1O0P9Q8R7S6T5U4V3W2X1Y0Z' corresponds to 'userpass'

SELECT setval('users_id_seq', (SELECT MAX(id) FROM users)); -- Reset sequence

-- Assign roles
INSERT INTO user_roles (user_id, role_id) VALUES (1, 2) ON CONFLICT (user_id, role_id) DO NOTHING; -- admin gets ADMIN role
INSERT INTO user_roles (user_id, role_id) VALUES (1, 1) ON CONFLICT (user_id, role_id) DO NOTHING; -- admin also gets USER role
INSERT INTO user_roles (user_id, role_id) VALUES (2, 1) ON CONFLICT (user_id, role_id) DO NOTHING; -- testuser gets USER role

-- Insert sample projects
INSERT INTO projects (id, name, description, owner_id, created_at)
VALUES (1, 'Backend Development', 'Develop the Java Spring Boot REST API for the task management system.', 1, CURRENT_TIMESTAMP),
       (2, 'Frontend UI', 'Create the React user interface for the task management system.', 2, CURRENT_TIMESTAMP),
       (3, 'Database Setup', 'Configure PostgreSQL and Flyway migrations.', 1, CURRENT_TIMESTAMP);
SELECT setval('projects_id_seq', (SELECT MAX(id) FROM projects));

-- Assign collaborators to projects
INSERT INTO project_users (project_id, user_id) VALUES (1, 1) ON CONFLICT (project_id, user_id) DO NOTHING; -- Admin is owner and collaborator
INSERT INTO project_users (project_id, user_id) VALUES (1, 2) ON CONFLICT (project_id, user_id) DO NOTHING; -- User 2 collaborates on project 1
INSERT INTO project_users (project_id, user_id) VALUES (2, 2) ON CONFLICT (project_id, user_id) DO NOTHING; -- User 2 is owner and collaborator
INSERT INTO project_users (project_id, user_id) VALUES (2, 1) ON CONFLICT (project_id, user_id) DO NOTHING; -- Admin collaborates on project 2
INSERT INTO project_users (project_id, user_id) VALUES (3, 1) ON CONFLICT (project_id, user_id) DO NOTHING; -- Admin is owner and collaborator

-- Insert sample tasks
INSERT INTO tasks (id, title, description, status, project_id, assigned_to_id, due_date, created_at)
VALUES (1, 'Implement User Authentication', 'Develop JWT-based authentication endpoints.', 'IN_PROGRESS', 1, 1, '2024-06-15 23:59:59', CURRENT_TIMESTAMP),
       (2, 'Design Database Schema', 'Create tables for users, projects, tasks, roles.', 'COMPLETED', 3, 1, '2024-05-20 17:00:00', CURRENT_TIMESTAMP),
       (3, 'Build Task List Component', 'Create React component to display list of tasks.', 'OPEN', 2, 2, '2024-06-30 23:59:59', CURRENT_TIMESTAMP),
       (4, 'Configure CI/CD Pipeline', 'Setup GitHub Actions for continuous integration and deployment.', 'OPEN', 1, NULL, '2024-07-01 12:00:00', CURRENT_TIMESTAMP),
       (5, 'Setup Docker containers', 'Create Dockerfiles and docker-compose for backend and database.', 'IN_PROGRESS', 3, 1, '2024-06-10 10:00:00', CURRENT_TIMESTAMP);
SELECT setval('tasks_id_seq', (SELECT MAX(id) FROM tasks));

```